<?xml version="1.0" encoding="UTF-8"?>
<lom xmlns="http://ltsc.ieee.org/xsd/LOM" xmlns:xsi="http://www.w3.org/2001/XMLSchema-instance" xsi:schemaLocation="http://ltsc.ieee.org/xsd/LOM lomCustom.xsd"><general uniqueElementName="general"><identifier><catalog uniqueElementName="catalog">My Catalog</catalog><entry uniqueElementName="entry">4a7d755e-34a5-410a-a7d4-601881136623</entry></identifier><title><string language="es">Inglés A1</string></title><language>es</language><description><string language="es">En este curso los estudiantes serán introducidos al idioma de manera accesible y amigable, explorando aspectos fundamentales como el alfabeto, la pronunciación básica, saludos y vocabulario esencial. A través de actividades interactivas y ejemplos prácticos, desarrollarán una comprensión inicial del idioma y estarán preparados para continuar su aprendizaje con confianza.</string></description><aggregationLevel uniqueElementName="aggregationLevel"><source uniqueElementName="source">LOM-ESv1.0</source><value uniqueElementName="value">2</value></aggregationLevel></general><lifeCycle><contribute><role uniqueElementName="role"><source uniqueElementName="source">LOM-ESv1.0</source><value uniqueElementName="value">author</value></role><entity>BEGIN:VCARD VERSION:3.0 FN:Alejandra  EMAIL;TYPE=INTERNET: ORG: END:VCARD</entity><date><dateTime uniqueElementName="dateTime">2024-03-22T17:23:52.00+01:00</dateTime><description><string language="es">Fecha de creación de los metadatos</string></description></date></contribute></lifeCycle><metaMetadata uniqueElementName="metaMetadata"><contribute><role uniqueElementName="role"><source uniqueElementName="source">LOM-ESv1.0</source><value uniqueElementName="value">creator</value></role><entity>BEGIN:VCARD VERSION:3.0 FN:Alejandra  EMAIL;TYPE=INTERNET: ORG: END:VCARD</entity><date><dateTime uniqueElementName="dateTime">2024-03-22T17:21:21.00+01:00</dateTime><description><string language="es">Fecha de creación de los metadatos</string></description></date></contribute><metadataSchema>LOM-ESv1.0</metadataSchema><language>es</language></metaMetadata><technical uniqueElementName="technical"><otherPlatformRequirements><string language="es">editor: eXe Learning</string></otherPlatformRequirements></technical><educational><learningResourceType><source uniqueElementName="source">LOM-ESv1.0</source><value uniqueElementName="value">textual-image analysis</value></learningResourceType><intendedEndUserRole><source uniqueElementName="source">LOM-ESv1.0</source><value uniqueElementName="value">learner</value></intendedEndUserRole><context><source uniqueElementName="source">LOM-ESv1.0</source><value uniqueElementName="value">presencial</value></context><context><source uniqueElementName="source">LOM-ESv1.0</source><value uniqueElementName="value">classroom</value></context><language>es</language></educational><rights uniqueElementName="rights"><copyrightAndOtherRestrictions uniqueElementName="copyrightAndOtherRestrictions"><source uniqueElementName="source">LOM-ESv1.0</source><value uniqueElementName="value">creative commons: attribution - share alike</value></copyrightAndOtherRestrictions><access uniqueElementName="access"><accessType uniqueElementName="accessType"><source uniqueElementName="source">LOM-ESv1.0</source><value uniqueElementName="value">universal</value></accessType><description><string language="en">Default</string></description></access></rights></lom>