<?xml version="1.0" encoding="UTF-8"?>
<!-- Generated by eXe - http://exelearning.net -->
<manifest identifier="eXerso_espaol65f96cbc27fb09c0571" xmlns="http://www.imsproject.org/xsd/imscp_rootv1p1p2" xmlns:adlcp="http://www.adlnet.org/xsd/adlcp_rootv1p2" xmlns:imsmd="http://www.imsglobal.org/xsd/imsmd_v1p2" xmlns:xsi="http://www.w3.org/2001/XMLSchema-instance" xsi:schemaLocation="http://www.imsproject.org/xsd/imscp_rootv1p1p2 imscp_rootv1p1p2.xsd http://www.imsglobal.org/xsd/imsmd_rootv1p2p1 imsmd_rootv1p2p1.xsd http://www.adlnet.org/xsd/adlcp_rootv1p2 adlcp_rootv1p2.xsd" > 
<metadata> 
 <schema>ADL SCORM</schema> 
 <schemaversion>1.2</schemaversion> 
 <adlcp:location>imslrm.xml</adlcp:location> 
</metadata> 
<organizations default="eXerso_espaol65f96cbc27fb09c0572">  
    <organization identifier="eXerso_espaol65f96cbc27fb09c0572" structure="hierarchical">
        <title>Inglés A1</title>
<item identifier="ITEM-eXerso_espaol65f96cbc27fb09c0573" isvisible="true" identifierref="RES-eXerso_espaol65f96cbc27fb09c0574">
    <title>Introducción al español</title>
<item identifier="ITEM-eXerso_espaol65f96cbc27fb09c0585" isvisible="true" identifierref="RES-eXerso_espaol65f96cbc27fb09c0586">
    <title>Juego rellenar los huecos</title>
</item>
<item identifier="ITEM-eXerso_espaol65f96cbc27fb09c05b7" isvisible="true" identifierref="RES-eXerso_espaol65f96cbc27fb09c05b8">
    <title>Video alfabeto</title>
</item>
<item identifier="ITEM-eXerso_espaol65f96cbc27fb09c05c9" isvisible="true" identifierref="RES-eXerso_espaol65f96cbc27fb09c05ca">
    <title>Unidad 1: pronombres personales</title>
<item identifier="ITEM-eXerso_espaol65f96cbc27fb09c05cb" isvisible="true" identifierref="RES-eXerso_espaol65f96cbc27fb09c05cc">
    <title>Singulares</title>
</item>
<item identifier="ITEM-eXerso_espaol65f96cbc27fb09c05dd" isvisible="true" identifierref="RES-eXerso_espaol65f96cbc27fb09c05de">
    <title>Plurales</title>
</item>
<item identifier="ITEM-eXerso_espaol65f96cbc27fb09c05df" isvisible="true" identifierref="RES-eXerso_espaol65f96cbc27fb09c05d10">
    <title>Actividad</title>
<item identifier="ITEM-eXerso_espaol65f96cbc27fb09c05e11" isvisible="true" identifierref="RES-eXerso_espaol65f96cbc27fb09c05e12">
    <title>Selección múltiple</title>
</item>
<item identifier="ITEM-eXerso_espaol65f96cbc27fb09c06113" isvisible="true" identifierref="RES-eXerso_espaol65f96cbc27fb09c06114">
    <title>Falso o verdadero</title>
</item>
</item>
</item>
<item identifier="ITEM-eXerso_espaol65f96cbc27fb09c06315" isvisible="true" identifierref="RES-eXerso_espaol65f96cbc27fb09c06316">
    <title>Unidad 1: Saludos y despedidas</title>
<item identifier="ITEM-eXerso_espaol65f96cbc27fb09c06317" isvisible="true" identifierref="RES-eXerso_espaol65f96cbc27fb09c06318">
    <title>Saludos</title>
</item>
<item identifier="ITEM-eXerso_espaol65f96cbc27fb09c06419" isvisible="true" identifierref="RES-eXerso_espaol65f96cbc27fb09c0641a">
    <title>Despedidas</title>
</item>
</item>
<item identifier="ITEM-eXerso_espaol65f96cbc27fb09c0651b" isvisible="true" identifierref="RES-eXerso_espaol65f96cbc27fb09c0651c">
    <title>Cuestionario final</title>
<item identifier="ITEM-eXerso_espaol65f96cbc27fb09c0651d" isvisible="true" identifierref="RES-eXerso_espaol65f96cbc27fb09c0651e">
    <title>Cuestionario</title>
</item>
</item>
</item>
  </organization>
</organizations>
<resources>
  <resource identifier="RES-eXerso_espaol65f96cbc27fb09c0574" type="webcontent" adlcp:scormtype="sco" href="index.html"> 
    <file href="index.html"/> 
    <file href="exe_html5.js"/>
    <file href="alphabet-160205_1280.png"/>
    <dependency identifierref="COMMON_FILES"/>
  </resource>
  <resource identifier="RES-eXerso_espaol65f96cbc27fb09c0586" type="webcontent" adlcp:scormtype="sco" href="juego_rellenar_los_huecos.html"> 
    <file href="juego_rellenar_los_huecos.html"/> 
    <file href="exe_html5.js"/>
    <file href="common.js"/>
    <dependency identifierref="COMMON_FILES"/>
  </resource>
  <resource identifier="RES-eXerso_espaol65f96cbc27fb09c05b8" type="webcontent" adlcp:scormtype="sco" href="video_alfabeto.html"> 
    <file href="video_alfabeto.html"/> 
    <file href="exe_html5.js"/>
    <file href="El_abecedario_en_espanol_-_ABCD_Ninos_y_adultos.mp4"/>
    <dependency identifierref="COMMON_FILES"/>
  </resource>
  <resource identifier="RES-eXerso_espaol65f96cbc27fb09c05ca" type="webcontent" adlcp:scormtype="sco" href="unidad_1_pronombres_personales.html"> 
    <file href="unidad_1_pronombres_personales.html"/> 
    <file href="exe_html5.js"/>
    <dependency identifierref="COMMON_FILES"/>
  </resource>
  <resource identifier="RES-eXerso_espaol65f96cbc27fb09c05cc" type="webcontent" adlcp:scormtype="sco" href="singulares.html"> 
    <file href="singulares.html"/> 
    <file href="exe_html5.js"/>
    <file href="kids-894787_1280.jpg"/>
    <dependency identifierref="COMMON_FILES"/>
  </resource>
  <resource identifier="RES-eXerso_espaol65f96cbc27fb09c05de" type="webcontent" adlcp:scormtype="sco" href="plurales.html"> 
    <file href="plurales.html"/> 
    <file href="exe_html5.js"/>
    <dependency identifierref="COMMON_FILES"/>
  </resource>
  <resource identifier="RES-eXerso_espaol65f96cbc27fb09c05d10" type="webcontent" adlcp:scormtype="sco" href="actividad.html"> 
    <file href="actividad.html"/> 
    <file href="exe_html5.js"/>
    <file href="estudio.png"/>
    <dependency identifierref="COMMON_FILES"/>
  </resource>
  <resource identifier="RES-eXerso_espaol65f96cbc27fb09c05e12" type="webcontent" adlcp:scormtype="sco" href="seleccin_mltiple.html"> 
    <file href="seleccin_mltiple.html"/> 
    <file href="exe_html5.js"/>
    <file href="common.js"/>
    <dependency identifierref="COMMON_FILES"/>
  </resource>
  <resource identifier="RES-eXerso_espaol65f96cbc27fb09c06114" type="webcontent" adlcp:scormtype="sco" href="falso_o_verdadero.html"> 
    <file href="falso_o_verdadero.html"/> 
    <file href="exe_html5.js"/>
    <file href="stock-stop.png"/>
    <file href="panel-amusements.png"/>
    <file href="common.js"/>
    <dependency identifierref="COMMON_FILES"/>
  </resource>
  <resource identifier="RES-eXerso_espaol65f96cbc27fb09c06316" type="webcontent" adlcp:scormtype="sco" href="unidad_1_saludos_y_despedidas.html"> 
    <file href="unidad_1_saludos_y_despedidas.html"/> 
    <file href="exe_html5.js"/>
    <file href="istockphoto-1251666012-1024x1024.jpg"/>
    <dependency identifierref="COMMON_FILES"/>
  </resource>
  <resource identifier="RES-eXerso_espaol65f96cbc27fb09c06318" type="webcontent" adlcp:scormtype="sco" href="saludos.html"> 
    <file href="saludos.html"/> 
    <file href="exe_html5.js"/>
    <dependency identifierref="COMMON_FILES"/>
  </resource>
  <resource identifier="RES-eXerso_espaol65f96cbc27fb09c0641a" type="webcontent" adlcp:scormtype="sco" href="despedidas.html"> 
    <file href="despedidas.html"/> 
    <file href="exe_html5.js"/>
    <dependency identifierref="COMMON_FILES"/>
  </resource>
  <resource identifier="RES-eXerso_espaol65f96cbc27fb09c0651c" type="webcontent" adlcp:scormtype="sco" href="cuestionario_final.html"> 
    <file href="cuestionario_final.html"/> 
    <file href="exe_html5.js"/>
    <file href="rainbow-26389_1280.png"/>
    <dependency identifierref="COMMON_FILES"/>
  </resource>
  <resource identifier="RES-eXerso_espaol65f96cbc27fb09c0651e" type="webcontent" adlcp:scormtype="sco" href="cuestionario.html"> 
    <file href="cuestionario.html"/> 
    <file href="exe_html5.js"/>
    <file href="common.js"/>
    <dependency identifierref="COMMON_FILES"/>
  </resource>
  <resource identifier="COMMON_FILES" type="webcontent" adlcp:scormtype="asset">
    <file href="config.xml"/>
    <file href="content.css"/>
    <file href="EncodeSans-Light_latin-ext.woff2"/>
    <file href="EncodeSans-Light_latin.woff2"/>
    <file href="EncodeSans-Light_vietnamese.woff2"/>
    <file href="icon_atom.png"/>
    <file href="icon_award.png"/>
    <file href="icon_beach.png"/>
    <file href="icon_bulb.png"/>
    <file href="icon_camera.png"/>
    <file href="icon_classroom.png"/>
    <file href="icon_compass.png"/>
    <file href="icon_edia.png"/>
    <file href="icon_etwinning.png"/>
    <file href="icon_exe.png"/>
    <file href="icon_footprints.png"/>
    <file href="icon_free_license.png"/>
    <file href="icon_gears.png"/>
    <file href="icon_knowledge.png"/>
    <file href="icon_list.png"/>
    <file href="icon_microphone.png"/>
    <file href="icon_network.png"/>
    <file href="icon_plus.png"/>
    <file href="icon_presentation.png"/>
    <file href="icon_puzzle.png"/>
    <file href="icon_share.png"/>
    <file href="icon_stars.png"/>
    <file href="icon_talk.png"/>
    <file href="icon_teacher_screen.png"/>
    <file href="icon_telescope.png"/>
    <file href="icon_think.png"/>
    <file href="icon_tree.png"/>
    <file href="icon_write.png"/>
    <file href="nav.css"/>
    <file href="_intef_bg.png"/>
    <file href="_intef_footer.png"/>
    <file href="_intef_header.png"/>
    <file href="_intef_icons.png"/>
    <file href="_intef_js.js"/>
    <file href="_intef_left_column.gif"/>
    <file href="_intef_licenses.gif"/>
    <file href="_intef_menu.gif"/>
    <file href="_intef_print.png"/>
    <file href="_intef_title_bg.png"/>
    <file href="base.css"/>
    <file href="popup_bg.gif"/>
    <file href="exe_powered_logo.png"/>
    <file href="SCORM_API_wrapper.js"/>
    <file href="SCOFunctions.js"/>
    <file href="common.js"/>
    <file href="common_i18n.js"/>
    <file href="exe_jquery.js"/>
    <file href="content.xsd"/>
    <file href="content.data"/>
    <file href="contentv3.xml"/>
    <file href="imslrm.xml"/>
  </resource>
</resources>
</manifest>
